produto_id,nome_produto,categoria,artista_marca,preco_unitario,quantidade_estoque,fornecedor,sku,status,categoria_esperada,preco_esperado,estoque_esperado,status_esperado,descricao_teste
1,Guitarra Acústica 41 Polegadas,Instrumentos,Tagima,189.90,15,Distribuidora Musical BR,TAG-GUIT-001,ativo,Instrumentos,189.90,15,ativo,Validar produto básico com preço baixo
2,Microfone Condensador USB,Áudio,Audio-Technica,156.50,8,Tech Store Audio,AT-MIC-020,ativo,Áudio,156.50,8,ativo,Validar categoria Áudio
3,Fone Over-Ear Bluetooth,Áudio,Sony,299.90,12,Eletrônicos Premium,SONY-FN-100,ativo,Áudio,299.90,12,ativo,Validar estoque médio
5,Teclado Sintetizador 61 Teclas,Instrumentos,Yamaha,1850.00,3,ProMusic Store,YMH-PSR-61,ativo,Instrumentos,1850.00,3,ativo,Validar instrumento caro com estoque baixo
10,Bateria Acústica 5 Peças,Instrumentos,Pearl,2450.00,2,Drums World,PEARL-EXX-5P,ativo,Instrumentos,2450.00,2,ativo,Validar instrumento MUITO caro com estoque crítico
16,Alto-Falante Monitor 8 Polegadas,Equipamentos,KRK,799.00,4,Audio Pro,KRK-MON-8,ativo,Equipamentos,799.00,4,ativo,Validar equipamento com estoque baixo
19,Pad MIDI 16 Pads Controlador,Equipamentos,Native Instruments,1200.00,3,Prod Music,NI-PAD-16,ativo,Equipamentos,1200.00,3,ativo,Validar equipamento eletrônico caro
20,Capotrasto Clássico Premium,Acessórios,Shubb,95.00,18,Capo Store,SHB-CAP-CLS,ativo,Acessórios,95.00,18,ativo,Validar acessório com preço médio
21,Saxofone Alto Eb Dourado,Instrumentos,Selmer,4500.00,1,Instrumentos Sopro,SLM-SAX-ALT,ativo,Instrumentos,4500.00,1,ativo,Validar instrumento MAIS caro com estoque mínimo
24,Plectro de Aço Inoxidável,Acessórios,Ernie Ball,15.50,100,Pick Store,EB-PLT-STL,ativo,Acessórios,15.50,100,ativo,Validar produto MAIS BARATO com ESTOQUE MÁXIMO
25,Trompete Bb Latão,Instrumentos,Yamaha,1650.00,2,Instrumentos Vento,YMH-TRM-BB,ativo,Instrumentos,1650.00,2,ativo,Validar instrumento caro com estoque crítico
28,Gravador Digital 2 Canais,Equipamentos,Zoom,599.90,4,Recording Studio,ZM-H4N-PRO,ativo,Equipamentos,599.90,4,ativo,Validar equipamento profissional
30,Baixo Elétrico 4 Cordas,Instrumentos,Ibanez,799.00,6,Bass World,IBZ-GSR-200,ativo,Instrumentos,799.00,6,ativo,Validar instrumento cordas com estoque baixo
31,Processador de Efeitos Multifuncional,Equipamentos,Line 6,1100.00,3,Effects Pro,L6-HELIX-LT,ativo,Equipamentos,1100.00,3,ativo,Validar equipamento profissional caro
33,Monitor de Áudio Estéreo (Par),Equipamentos,PreSonus,899.00,2,Studio Setup,PS-EDIE5,ativo,Equipamentos,899.00,2,ativo,Validar equipamento professional com estoque crítico
35,Clarinete Bb Madeira Ébano,Instrumentos,Yamaha,1500.00,2,Woodwind Store,YMH-CLR-BB,ativo,Instrumentos,1500.00,2,ativo,Validar instrumento sopro caro
37,Almofada para Fone Macia,Acessórios,Genérica,18.90,80,Conforto Music,GEN-ALM-FON,ativo,Acessórios,18.90,80,ativo,Validar acessório barato com estoque alto
38,Viola de Arco Profissional,Instrumentos,Cremona,2800.00,1,Classical Strings,CRM-VLA-PRF,ativo,Instrumentos,2800.00,1,ativo,Validar instrumento clássico muito caro
39,Reverberador de Áudio Pedal,Acessórios,Boss,350.00,5,Reverb Center,BOSS-RV-5,ativo,Acessórios,350.00,5,ativo,Validar acessório eletrônico de preço médio-alto
40,Loja Estojo Rígido para Guitarra,Acessórios,Fender,420.00,4,Hard Case Store,FEN-EST-HRD,ativo,Acessórios,420.00,4,ativo,Validar acessório proteção caro
